year,investments+
2026,cash value: 70100,S&P 500 non-retirement value: 104848.65199649925,tax-exempt bonds value: 2169.088202055338,S&P 500 pre-tax value: 10539.193173071582,S&P 500 after-tax value: 2005.5281169610926
2027,cash value: 134715.55572465423,S&P 500 non-retirement value: 110917.80086914805,tax-exempt bonds value: 2285.4252202124394,S&P 500 pre-tax value: 11385.981336309247,S&P 500 after-tax value: 2101.770052718736
2028,cash value: 199961.7480567969,S&P 500 non-retirement value: 119922.3314986324,tax-exempt bonds value: 2352.4486300584285,S&P 500 pre-tax value: 12202.804349895108,S&P 500 after-tax value: 2268.9756436045996
2029,cash value: 266161.30445290415,S&P 500 non-retirement value: 123760.36996559068,tax-exempt bonds value: 2468.453680899123,S&P 500 pre-tax value: 13363.32227236735,S&P 500 after-tax value: 2416.006532741975
2030,cash value: 334143.63970042014,S&P 500 non-retirement value: 134980.32890672318,tax-exempt bonds value: 2643.38274176636,S&P 500 pre-tax value: 14739.133966511734,S&P 500 after-tax value: 2548.760267780925
2031,cash value: 403718.6233981467,S&P 500 non-retirement value: 144584.9987851724,tax-exempt bonds value: 2741.018120962797,S&P 500 pre-tax value: 15686.282396691722,S&P 500 after-tax value: 2688.88532746029
2032,cash value: 475040.4453068414,S&P 500 non-retirement value: 156261.90629610542,tax-exempt bonds value: 2897.791391865958,S&P 500 pre-tax value: 16727.388541669392,S&P 500 after-tax value: 2868.3980891929914
2033,cash value: 547669.2699733835,S&P 500 non-retirement value: 167056.02129971772,tax-exempt bonds value: 3092.0533376591966,S&P 500 pre-tax value: 17334.415672083967,S&P 500 after-tax value: 3060.800111161743
2034,cash value: 621707.9726720164,S&P 500 non-retirement value: 167875.8215980575,tax-exempt bonds value: 3253.7213722815454,S&P 500 pre-tax value: 18340.8100792948,S&P 500 after-tax value: 3382.779621808794
2035,cash value: 696363.2408615713,S&P 500 non-retirement value: 180395.6442246496,tax-exempt bonds value: 3375.3188826772334,S&P 500 pre-tax value: 19035.507500389507,S&P 500 after-tax value: 3554.3921505639696
2036,cash value: 771405.4169887739,S&P 500 non-retirement value: 183752.80548539796,tax-exempt bonds value: 3674.033555209793,S&P 500 pre-tax value: 19744.39466176508,S&P 500 after-tax value: 3726.159193683425
2037,cash value: 846960.3797244434,S&P 500 non-retirement value: 198015.88117041596,tax-exempt bonds value: 3937.583928011872,S&P 500 pre-tax value: 20641.401518909384,S&P 500 after-tax value: 4010.360289827144
2038,cash value: 924169.7976366652,S&P 500 non-retirement value: 216755.23100349863,tax-exempt bonds value: 4179.587247273802,S&P 500 pre-tax value: 21834.017012726836,S&P 500 after-tax value: 4381.558390412897
2039,cash value: 1003024.2103684432,S&P 500 non-retirement value: 233950.87108416372,tax-exempt bonds value: 4406.638156744786,S&P 500 pre-tax value: 22037.106769541846,S&P 500 after-tax value: 4580.338038121576
2040,cash value: 1082795.2357369997,S&P 500 non-retirement value: 249281.87311249148,tax-exempt bonds value: 4766.751473066361,S&P 500 pre-tax value: 23222.8394829744,S&P 500 after-tax value: 4769.4823337479875
2041,cash value: 1163966.237570268,S&P 500 non-retirement value: 261728.162800747,tax-exempt bonds value: 5088.304739844868,S&P 500 pre-tax value: 23730.65460283041,S&P 500 after-tax value: 4995.151093173445
2042,cash value: 1246395.1847739236,S&P 500 non-retirement value: 273198.1519115452,tax-exempt bonds value: 5381.8045934500715,S&P 500 pre-tax value: 23963.40093445163,S&P 500 after-tax value: 5366.807328227966
2043,cash value: 1330165.797616952,S&P 500 non-retirement value: 288412.71368151926,tax-exempt bonds value: 5640.75586342171,S&P 500 pre-tax value: 25280.234164307945,S&P 500 after-tax value: 5768.147454317248
2044,cash value: 1414574.9646698532,S&P 500 non-retirement value: 302497.11400161585,tax-exempt bonds value: 6075.601297705681,S&P 500 pre-tax value: 26759.325883278478,S&P 500 after-tax value: 6269.683291545001
2045,cash value: 1500555.1462028087,S&P 500 non-retirement value: 324485.5103568755,tax-exempt bonds value: 6543.050850338429,S&P 500 pre-tax value: 28561.985610068765,S&P 500 after-tax value: 6679.333437390431
2046,cash value: 1588076.0723110186,S&P 500 non-retirement value: 340462.5920572271,tax-exempt bonds value: 6771.614643743779,S&P 500 pre-tax value: 30382.572671377176,S&P 500 after-tax value: 7110.731571403241
2047,cash value: 1676574.4834057502,S&P 500 non-retirement value: 367480.42958341073,tax-exempt bonds value: 7092.422053500226,S&P 500 pre-tax value: 32403.8829273148,S&P 500 after-tax value: 7461.2491501596105
2048,cash value: 1765762.9545314542,S&P 500 non-retirement value: 405249.50084175554,tax-exempt bonds value: 7468.059605616298,S&P 500 pre-tax value: 34438.569103017275,S&P 500 after-tax value: 7996.7357786283665
2049,cash value: 1855448.51725394,S&P 500 non-retirement value: 436432.1022250802,tax-exempt bonds value: 7971.273566044416,S&P 500 pre-tax value: 36649.6229170829,S&P 500 after-tax value: 8627.185345316473
2050,cash value: 1945722.135782396,S&P 500 non-retirement value: 460681.8220053858,tax-exempt bonds value: 8500.421425921984,S&P 500 pre-tax value: 38510.34729584603,S&P 500 after-tax value: 9351.823166903223
2051,cash value: 2036827.6941587538,S&P 500 non-retirement value: 495514.4280352206,tax-exempt bonds value: 9313.895531260281,S&P 500 pre-tax value: 0,S&P 500 after-tax value: 10027.70266959076
2052,cash value: 2122752.3768059206,S&P 500 non-retirement value: 522096.44886697753,tax-exempt bonds value: 9812.34187348638,S&P 500 pre-tax value: 0,S&P 500 after-tax value: 11062.55330367786
2053,cash value: 2208889.767818204,S&P 500 non-retirement value: 566360.3251391697,tax-exempt bonds value: 10014.97117509047,S&P 500 pre-tax value: 0,S&P 500 after-tax value: 11877.492985087803
2054,cash value: 2295105.222105797,S&P 500 non-retirement value: 597926.92803571,tax-exempt bonds value: 10293.17668629542,S&P 500 pre-tax value: 0,S&P 500 after-tax value: 12866.893191457211
2055,cash value: 2382020.223019045,S&P 500 non-retirement value: 618434.2641599469,tax-exempt bonds value: 11349.949522970423,S&P 500 pre-tax value: 0,S&P 500 after-tax value: 13916.430802463487
2056,cash value: 2469484.212025237,S&P 500 non-retirement value: 659007.1681902447,tax-exempt bonds value: 12060.803639039508,S&P 500 pre-tax value: 0,S&P 500 after-tax value: 14504.342587849955
2057,cash value: 2556759.4081493528,S&P 500 non-retirement value: 720603.1257482304,tax-exempt bonds value: 12702.061275005593,S&P 500 pre-tax value: 0,S&P 500 after-tax value: 15038.020449852118
2058,cash value: 2644002.616559498,S&P 500 non-retirement value: 754023.005613435,tax-exempt bonds value: 13661.91296162135,S&P 500 pre-tax value: 0,S&P 500 after-tax value: 15961.271527184124
2059,cash value: 2731260.025640154,S&P 500 non-retirement value: 797717.633134512,tax-exempt bonds value: 14190.326100265276,S&P 500 pre-tax value: 0,S&P 500 after-tax value: 16618.142002252545
2060,cash value: 2818116.991856504,S&P 500 non-retirement value: 847559.36687866,tax-exempt bonds value: 14638.734919249973,S&P 500 pre-tax value: 0,S&P 500 after-tax value: 17630.706384980364
2061,cash value: 2904957.811670793,S&P 500 non-retirement value: 887589.3730271899,tax-exempt bonds value: 15684.340729737425,S&P 500 pre-tax value: 0,S&P 500 after-tax value: 18613.26767538557
2062,cash value: 2992059.4797267965,S&P 500 non-retirement value: 929287.6793054058,tax-exempt bonds value: 16554.784940378333,S&P 500 pre-tax value: 0.007203516503121594,S&P 500 after-tax value: 19533.455925101425
2063,cash value: 3094676.1717339703,S&P 500 non-retirement value: 977670.9409046464,tax-exempt bonds value: 17998.979863553297,S&P 500 pre-tax value: 0.014112905477873562,S&P 500 after-tax value: 20846.725071547327
2064,cash value: 3198341.161102367,S&P 500 non-retirement value: 1018026.7127118965,tax-exempt bonds value: 19008.20434450241,S&P 500 pre-tax value: 0.029210770166360183,S&P 500 after-tax value: 22056.173008141075
2065,cash value: 3303639.641681164,S&P 500 non-retirement value: 1113902.371109535,tax-exempt bonds value: 20090.3009515472,S&P 500 pre-tax value: 0.036434171494610354,S&P 500 after-tax value: 23815.131196278646
